body,label,lref,lmax,eps
earth,Gravity (EGM2008 geoid),360,0,1.0
earth,Gravity (EGM2008 geoid),360,1,1.0
earth,Gravity (EGM2008 geoid),360,2,0.7067251430797836
earth,Gravity (EGM2008 geoid),360,3,0.4732389047678897
earth,Gravity (EGM2008 geoid),360,4,0.3417342226864301
earth,Gravity (EGM2008 geoid),360,5,0.27193603053574045
earth,Gravity (EGM2008 geoid),360,6,0.2200193456432785
earth,Gravity (EGM2008 geoid),360,7,0.1744816143708033
earth,Gravity (EGM2008 geoid),360,8,0.15164833007415413
earth,Gravity (EGM2008 geoid),360,9,0.131257098751624
earth,Gravity (EGM2008 geoid),360,10,0.11498287936123296
earth,Gravity (EGM2008 geoid),360,11,0.10494669371501307
earth,Gravity (EGM2008 geoid),360,12,0.10139999616234692
earth,Gravity (EGM2008 geoid),360,13,0.09194546159759825
earth,Gravity (EGM2008 geoid),360,14,0.0881382227974381
earth,Gravity (EGM2008 geoid),360,15,0.08448342316821121
earth,Gravity (EGM2008 geoid),360,16,0.08079699649738221
earth,Gravity (EGM2008 geoid),360,17,0.0781552698782527
earth,Gravity (EGM2008 geoid),360,18,0.07521135687723637
earth,Gravity (EGM2008 geoid),360,19,0.07297341277868497
earth,Gravity (EGM2008 geoid),360,20,0.07090427013356429
earth,Gravity (EGM2008 geoid),360,21,0.06869845240657427
earth,Gravity (EGM2008 geoid),360,22,0.06675382115937496
earth,Gravity (EGM2008 geoid),360,23,0.0651193540359506
earth,Gravity (EGM2008 geoid),360,24,0.0639009066773153
earth,Gravity (EGM2008 geoid),360,25,0.062361532011449894
earth,Gravity (EGM2008 geoid),360,26,0.06126683897500653
earth,Gravity (EGM2008 geoid),360,27,0.06054103637962705
earth,Gravity (EGM2008 geoid),360,28,0.05933404275859287
earth,Gravity (EGM2008 geoid),360,29,0.05829007294774617
earth,Gravity (EGM2008 geoid),360,30,0.05725158482291366
earth,Gravity (EGM2008 geoid),360,31,0.056291605518835046
earth,Gravity (EGM2008 geoid),360,32,0.05541285495328578
earth,Gravity (EGM2008 geoid),360,33,0.05448243504126904
earth,Gravity (EGM2008 geoid),360,34,0.053330774942113954
earth,Gravity (EGM2008 geoid),360,35,0.052198702813023794
earth,Gravity (EGM2008 geoid),360,36,0.051225701847144776
earth,Gravity (EGM2008 geoid),360,37,0.050311052049116275
earth,Gravity (EGM2008 geoid),360,38,0.04952235766543331
earth,Gravity (EGM2008 geoid),360,39,0.04873744480860655
earth,Gravity (EGM2008 geoid),360,40,0.04807442013212872
earth,Gravity (EGM2008 geoid),360,41,0.04741804082669055
earth,Gravity (EGM2008 geoid),360,42,0.04667785213196018
earth,Gravity (EGM2008 geoid),360,43,0.04604282343243551
earth,Gravity (EGM2008 geoid),360,44,0.04541848352013701
earth,Gravity (EGM2008 geoid),360,45,0.04476049906216981
earth,Gravity (EGM2008 geoid),360,46,0.044021228633036945
earth,Gravity (EGM2008 geoid),360,47,0.04336010391469608
earth,Gravity (EGM2008 geoid),360,48,0.04279916382966239
earth,Gravity (EGM2008 geoid),360,49,0.04227855508663635
earth,Gravity (EGM2008 geoid),360,50,0.04167925622208712
earth,Gravity (EGM2008 geoid),360,51,0.04115811866040137
earth,Gravity (EGM2008 geoid),360,52,0.04062873736034437
earth,Gravity (EGM2008 geoid),360,53,0.04000638686055904
earth,Gravity (EGM2008 geoid),360,54,0.039415298824215815
earth,Gravity (EGM2008 geoid),360,55,0.03893939411084549
earth,Gravity (EGM2008 geoid),360,56,0.038352682291214156
earth,Gravity (EGM2008 geoid),360,57,0.03775453539310036
earth,Gravity (EGM2008 geoid),360,58,0.03730650961235445
earth,Gravity (EGM2008 geoid),360,59,0.03679376204489032
earth,Gravity (EGM2008 geoid),360,60,0.03634037823405383
earth,Gravity (EGM2008 geoid),360,61,0.03592345773577603
earth,Gravity (EGM2008 geoid),360,62,0.035445444783927395
earth,Gravity (EGM2008 geoid),360,63,0.035035920424260354
earth,Gravity (EGM2008 geoid),360,64,0.03467182358466525
earth,Gravity (EGM2008 geoid),360,65,0.034318384742019974
earth,Gravity (EGM2008 geoid),360,66,0.03391305535070096
earth,Gravity (EGM2008 geoid),360,67,0.033527969411043225
earth,Gravity (EGM2008 geoid),360,68,0.03313134070848975
earth,Gravity (EGM2008 geoid),360,69,0.03270227998302715
earth,Gravity (EGM2008 geoid),360,70,0.03240644024670501
earth,Gravity (EGM2008 geoid),360,71,0.032117340042258365
earth,Gravity (EGM2008 geoid),360,72,0.031747402455808954
earth,Gravity (EGM2008 geoid),360,73,0.031407855131217556
earth,Gravity (EGM2008 geoid),360,74,0.03102807558280325
earth,Gravity (EGM2008 geoid),360,75,0.03072146674198596
earth,Gravity (EGM2008 geoid),360,76,0.0304379394252726
earth,Gravity (EGM2008 geoid),360,77,0.030130344393214322
earth,Gravity (EGM2008 geoid),360,78,0.029838130764432112
earth,Gravity (EGM2008 geoid),360,79,0.02953124132403083
earth,Gravity (EGM2008 geoid),360,80,0.02922874588074912
earth,Gravity (EGM2008 geoid),360,81,0.02889080012654868
earth,Gravity (EGM2008 geoid),360,82,0.0285002838338733
earth,Gravity (EGM2008 geoid),360,83,0.028144595623799923
earth,Gravity (EGM2008 geoid),360,84,0.027833777637690398
earth,Gravity (EGM2008 geoid),360,85,0.027560836458731235
earth,Gravity (EGM2008 geoid),360,86,0.02722793860347839
earth,Gravity (EGM2008 geoid),360,87,0.026936685970513033
earth,Gravity (EGM2008 geoid),360,88,0.026666774477254473
earth,Gravity (EGM2008 geoid),360,89,0.02640488203797476
earth,Gravity (EGM2008 geoid),360,90,0.026182845524914646
earth,Gravity (EGM2008 geoid),360,91,0.025893802707233335
earth,Gravity (EGM2008 geoid),360,92,0.02563550151241898
earth,Gravity (EGM2008 geoid),360,93,0.025356371778565943
earth,Gravity (EGM2008 geoid),360,94,0.025081228944494324
earth,Gravity (EGM2008 geoid),360,95,0.024805472010477895
earth,Gravity (EGM2008 geoid),360,96,0.024589665132697044
earth,Gravity (EGM2008 geoid),360,97,0.024332632672599032
earth,Gravity (EGM2008 geoid),360,98,0.024070885386638857
earth,Gravity (EGM2008 geoid),360,99,0.023837746120087423
earth,Gravity (EGM2008 geoid),360,100,0.023604239235520044
earth,Gravity (EGM2008 geoid),360,101,0.023429330070595087
earth,Gravity (EGM2008 geoid),360,102,0.023180695481343293
earth,Gravity (EGM2008 geoid),360,103,0.02287000230054513
earth,Gravity (EGM2008 geoid),360,104,0.022639479894157762
earth,Gravity (EGM2008 geoid),360,105,0.022442842861307974
earth,Gravity (EGM2008 geoid),360,106,0.022208554605861602
earth,Gravity (EGM2008 geoid),360,107,0.0219849946658732
earth,Gravity (EGM2008 geoid),360,108,0.02176117138138282
earth,Gravity (EGM2008 geoid),360,109,0.021527258414567287
earth,Gravity (EGM2008 geoid),360,110,0.02127893667522286
earth,Gravity (EGM2008 geoid),360,111,0.021054072525195897
earth,Gravity (EGM2008 geoid),360,112,0.020854610192463
earth,Gravity (EGM2008 geoid),360,113,0.020653361133263316
earth,Gravity (EGM2008 geoid),360,114,0.020414928837100593
earth,Gravity (EGM2008 geoid),360,115,0.020169177182424308
earth,Gravity (EGM2008 geoid),360,116,0.019977644452529836
earth,Gravity (EGM2008 geoid),360,117,0.019769082948132115
earth,Gravity (EGM2008 geoid),360,118,0.019562682448721575
earth,Gravity (EGM2008 geoid),360,119,0.01936896159212339
earth,Gravity (EGM2008 geoid),360,120,0.0191626700347805
earth,Gravity (EGM2008 geoid),360,121,0.01897037645524253
earth,Gravity (EGM2008 geoid),360,122,0.018810637630388715
earth,Gravity (EGM2008 geoid),360,123,0.01860942847300848
earth,Gravity (EGM2008 geoid),360,124,0.018437277327767915
earth,Gravity (EGM2008 geoid),360,125,0.01823397979424835
earth,Gravity (EGM2008 geoid),360,126,0.01804063292785319
earth,Gravity (EGM2008 geoid),360,127,0.01782622719741327
earth,Gravity (EGM2008 geoid),360,128,0.01767337270994501
earth,Gravity (EGM2008 geoid),360,129,0.017500203865049486
earth,Gravity (EGM2008 geoid),360,130,0.01733812996598494
earth,Gravity (EGM2008 geoid),360,131,0.01717643661053695
earth,Gravity (EGM2008 geoid),360,132,0.01702215147530033
earth,Gravity (EGM2008 geoid),360,133,0.016856532282396468
earth,Gravity (EGM2008 geoid),360,134,0.01669909221212113
earth,Gravity (EGM2008 geoid),360,135,0.01654700279343408
earth,Gravity (EGM2008 geoid),360,136,0.016392956241093482
earth,Gravity (EGM2008 geoid),360,137,0.01624213782486992
earth,Gravity (EGM2008 geoid),360,138,0.01605937322427058
earth,Gravity (EGM2008 geoid),360,139,0.015922973341959364
earth,Gravity (EGM2008 geoid),360,140,0.015757833114137445
earth,Gravity (EGM2008 geoid),360,141,0.015609635920403885
earth,Gravity (EGM2008 geoid),360,142,0.015487387403918779
earth,Gravity (EGM2008 geoid),360,143,0.01534864730938342
earth,Gravity (EGM2008 geoid),360,144,0.015209641406692367
earth,Gravity (EGM2008 geoid),360,145,0.015076021091362565
earth,Gravity (EGM2008 geoid),360,146,0.014951093625035416
earth,Gravity (EGM2008 geoid),360,147,0.014817250866193957
earth,Gravity (EGM2008 geoid),360,148,0.014685043476160804
earth,Gravity (EGM2008 geoid),360,149,0.014550540766769112
earth,Gravity (EGM2008 geoid),360,150,0.014430053694543253
earth,Gravity (EGM2008 geoid),360,151,0.014275842517040914
earth,Gravity (EGM2008 geoid),360,152,0.014155869986906856
earth,Gravity (EGM2008 geoid),360,153,0.014024856909683445
earth,Gravity (EGM2008 geoid),360,154,0.013917929550178105
earth,Gravity (EGM2008 geoid),360,155,0.013782585983944764
earth,Gravity (EGM2008 geoid),360,156,0.013650863046547718
earth,Gravity (EGM2008 geoid),360,157,0.013531102641103583
earth,Gravity (EGM2008 geoid),360,158,0.01342578173413105
earth,Gravity (EGM2008 geoid),360,159,0.013301172213533493
earth,Gravity (EGM2008 geoid),360,160,0.013195333868103716
earth,Gravity (EGM2008 geoid),360,161,0.013083570970005093
earth,Gravity (EGM2008 geoid),360,162,0.01296705849574005
earth,Gravity (EGM2008 geoid),360,163,0.012843064722043314
earth,Gravity (EGM2008 geoid),360,164,0.012721549168964143
earth,Gravity (EGM2008 geoid),360,165,0.01259542984058267
earth,Gravity (EGM2008 geoid),360,166,0.012479353577365059
earth,Gravity (EGM2008 geoid),360,167,0.012357334691947818
earth,Gravity (EGM2008 geoid),360,168,0.012232252400725455
earth,Gravity (EGM2008 geoid),360,169,0.0121304613416456
earth,Gravity (EGM2008 geoid),360,170,0.012017594483016269
earth,Gravity (EGM2008 geoid),360,171,0.011902967217602133
earth,Gravity (EGM2008 geoid),360,172,0.011810601488152281
earth,Gravity (EGM2008 geoid),360,173,0.011708928953358838
earth,Gravity (EGM2008 geoid),360,174,0.011583995228541737
earth,Gravity (EGM2008 geoid),360,175,0.011478412714323644
earth,Gravity (EGM2008 geoid),360,176,0.011389686169266335
earth,Gravity (EGM2008 geoid),360,177,0.011291312569960835
earth,Gravity (EGM2008 geoid),360,178,0.011198575368059197
earth,Gravity (EGM2008 geoid),360,179,0.01109126077281922
earth,Gravity (EGM2008 geoid),360,180,0.01098985089029017
earth,Gravity (EGM2008 geoid),360,181,0.010897534615850399
earth,Gravity (EGM2008 geoid),360,182,0.010804277911050271
earth,Gravity (EGM2008 geoid),360,183,0.01071979675170834
earth,Gravity (EGM2008 geoid),360,184,0.010627576977322273
earth,Gravity (EGM2008 geoid),360,185,0.010542360054524566
earth,Gravity (EGM2008 geoid),360,186,0.01045528174236909
earth,Gravity (EGM2008 geoid),360,187,0.010360612878462417
earth,Gravity (EGM2008 geoid),360,188,0.010269034506377549
earth,Gravity (EGM2008 geoid),360,189,0.010188799829082738
earth,Gravity (EGM2008 geoid),360,190,0.010109731206645782
earth,Gravity (EGM2008 geoid),360,191,0.01002414868934061
earth,Gravity (EGM2008 geoid),360,192,0.00992926360074641
earth,Gravity (EGM2008 geoid),360,193,0.009844314323417418
earth,Gravity (EGM2008 geoid),360,194,0.00976843019077963
earth,Gravity (EGM2008 geoid),360,195,0.009686803303280903
earth,Gravity (EGM2008 geoid),360,196,0.00960832154460853
earth,Gravity (EGM2008 geoid),360,197,0.009525614787670672
earth,Gravity (EGM2008 geoid),360,198,0.009442619984060154
earth,Gravity (EGM2008 geoid),360,199,0.009365386299096536
earth,Gravity (EGM2008 geoid),360,200,0.009290448301108941
earth,Gravity (EGM2008 geoid),360,201,0.009213139465318631
earth,Gravity (EGM2008 geoid),360,202,0.009137384462543948
earth,Gravity (EGM2008 geoid),360,203,0.009063394884954116
earth,Gravity (EGM2008 geoid),360,204,0.008990622624117532
earth,Gravity (EGM2008 geoid),360,205,0.008924140063332985
earth,Gravity (EGM2008 geoid),360,206,0.008852059809464465
earth,Gravity (EGM2008 geoid),360,207,0.008782245875541592
earth,Gravity (EGM2008 geoid),360,208,0.00870978152029481
earth,Gravity (EGM2008 geoid),360,209,0.008641568533573157
earth,Gravity (EGM2008 geoid),360,210,0.00856090332298926
earth,Gravity (EGM2008 geoid),360,211,0.008487977545380753
earth,Gravity (EGM2008 geoid),360,212,0.0084155188967178
earth,Gravity (EGM2008 geoid),360,213,0.00834785187152074
earth,Gravity (EGM2008 geoid),360,214,0.00827219234381278
earth,Gravity (EGM2008 geoid),360,215,0.008203205470981112
earth,Gravity (EGM2008 geoid),360,216,0.008133452566072513
earth,Gravity (EGM2008 geoid),360,217,0.00806447519890781
earth,Gravity (EGM2008 geoid),360,218,0.007999158276490387
earth,Gravity (EGM2008 geoid),360,219,0.007922690757618126
earth,Gravity (EGM2008 geoid),360,220,0.00785500592241482
earth,Gravity (EGM2008 geoid),360,221,0.007789157470273782
earth,Gravity (EGM2008 geoid),360,222,0.007726137201796571
earth,Gravity (EGM2008 geoid),360,223,0.007662592307897971
earth,Gravity (EGM2008 geoid),360,224,0.007602852535508848
earth,Gravity (EGM2008 geoid),360,225,0.007542968940506346
earth,Gravity (EGM2008 geoid),360,226,0.007481202031927753
earth,Gravity (EGM2008 geoid),360,227,0.007423881113751292
earth,Gravity (EGM2008 geoid),360,228,0.007363882320163419
earth,Gravity (EGM2008 geoid),360,229,0.007299381248854099
earth,Gravity (EGM2008 geoid),360,230,0.007238794146148731
earth,Gravity (EGM2008 geoid),360,231,0.007172929788702234
earth,Gravity (EGM2008 geoid),360,232,0.007106178325964235
earth,Gravity (EGM2008 geoid),360,233,0.007045054364347485
earth,Gravity (EGM2008 geoid),360,234,0.006980089277404572
earth,Gravity (EGM2008 geoid),360,235,0.006917517192967079
earth,Gravity (EGM2008 geoid),360,236,0.006856857484589464
earth,Gravity (EGM2008 geoid),360,237,0.006796461934387634
earth,Gravity (EGM2008 geoid),360,238,0.006736687230180332
earth,Gravity (EGM2008 geoid),360,239,0.006679228223788898
earth,Gravity (EGM2008 geoid),360,240,0.006618997918094484
earth,Gravity (EGM2008 geoid),360,241,0.006557670894894383
earth,Gravity (EGM2008 geoid),360,242,0.0065008362477431275
earth,Gravity (EGM2008 geoid),360,243,0.00644838184694238
earth,Gravity (EGM2008 geoid),360,244,0.006397594466469496
earth,Gravity (EGM2008 geoid),360,245,0.006339839291664014
earth,Gravity (EGM2008 geoid),360,246,0.006280687374864528
earth,Gravity (EGM2008 geoid),360,247,0.006229972249167299
earth,Gravity (EGM2008 geoid),360,248,0.006183573230172163
earth,Gravity (EGM2008 geoid),360,249,0.006133054889608069
earth,Gravity (EGM2008 geoid),360,250,0.006074794511774235
earth,Gravity (EGM2008 geoid),360,251,0.006021962342821527
earth,Gravity (EGM2008 geoid),360,252,0.005964210520947181
earth,Gravity (EGM2008 geoid),360,253,0.005910393805551616
earth,Gravity (EGM2008 geoid),360,254,0.0058626784718089015
earth,Gravity (EGM2008 geoid),360,255,0.005811805595412694
earth,Gravity (EGM2008 geoid),360,256,0.005759296300297294
earth,Gravity (EGM2008 geoid),360,257,0.005710395855336041
earth,Gravity (EGM2008 geoid),360,258,0.005662887788989749
earth,Gravity (EGM2008 geoid),360,259,0.00561297346943723
earth,Gravity (EGM2008 geoid),360,260,0.005562669961538825
earth,Gravity (EGM2008 geoid),360,261,0.005509824056165113
earth,Gravity (EGM2008 geoid),360,262,0.00546639810132865
earth,Gravity (EGM2008 geoid),360,263,0.005417298478025179
earth,Gravity (EGM2008 geoid),360,264,0.005374892227583574
earth,Gravity (EGM2008 geoid),360,265,0.005331351520871911
earth,Gravity (EGM2008 geoid),360,266,0.0052852031864421495
earth,Gravity (EGM2008 geoid),360,267,0.005238639881417467
earth,Gravity (EGM2008 geoid),360,268,0.0051937502036671235
earth,Gravity (EGM2008 geoid),360,269,0.005151342062147997
earth,Gravity (EGM2008 geoid),360,270,0.005108374639759964
earth,Gravity (EGM2008 geoid),360,271,0.005060720813468078
earth,Gravity (EGM2008 geoid),360,272,0.005011799733019939
earth,Gravity (EGM2008 geoid),360,273,0.0049686474809485315
earth,Gravity (EGM2008 geoid),360,274,0.0049178383838057085
earth,Gravity (EGM2008 geoid),360,275,0.004875705552994024
earth,Gravity (EGM2008 geoid),360,276,0.004829055261739639
earth,Gravity (EGM2008 geoid),360,277,0.00478693984098947
earth,Gravity (EGM2008 geoid),360,278,0.004738382698429954
earth,Gravity (EGM2008 geoid),360,279,0.004690369353379736
earth,Gravity (EGM2008 geoid),360,280,0.004646278981870248
earth,Gravity (EGM2008 geoid),360,281,0.004598885107007833
earth,Gravity (EGM2008 geoid),360,282,0.00454898424041841
earth,Gravity (EGM2008 geoid),360,283,0.004501485120729208
earth,Gravity (EGM2008 geoid),360,284,0.004462403890811751
earth,Gravity (EGM2008 geoid),360,285,0.004419244417219357
earth,Gravity (EGM2008 geoid),360,286,0.004374435559781632
earth,Gravity (EGM2008 geoid),360,287,0.00433677167446372
earth,Gravity (EGM2008 geoid),360,288,0.004294291687114949
earth,Gravity (EGM2008 geoid),360,289,0.004253221874392022
earth,Gravity (EGM2008 geoid),360,290,0.00420893140906792
earth,Gravity (EGM2008 geoid),360,291,0.004164674114834795
earth,Gravity (EGM2008 geoid),360,292,0.00411903708363019
earth,Gravity (EGM2008 geoid),360,293,0.0040750335257239995
earth,Gravity (EGM2008 geoid),360,294,0.004029728447983194
earth,Gravity (EGM2008 geoid),360,295,0.003983428356338106
earth,Gravity (EGM2008 geoid),360,296,0.003940520067113479
earth,Gravity (EGM2008 geoid),360,297,0.0038959172820878956
earth,Gravity (EGM2008 geoid),360,298,0.003854227220463347
earth,Gravity (EGM2008 geoid),360,299,0.003811556013149484
earth,Gravity (EGM2008 geoid),360,300,0.0037673413652734773
earth,Gravity (EGM2008 geoid),360,301,0.0037235333652171415
earth,Gravity (EGM2008 geoid),360,302,0.003683312462210166
earth,Gravity (EGM2008 geoid),360,303,0.0036376640934660067
earth,Gravity (EGM2008 geoid),360,304,0.0035939720487241328
earth,Gravity (EGM2008 geoid),360,305,0.0035496766087048225
earth,Gravity (EGM2008 geoid),360,306,0.0035069528682622176
earth,Gravity (EGM2008 geoid),360,307,0.0034647130940416537
earth,Gravity (EGM2008 geoid),360,308,0.0034231560895377276
earth,Gravity (EGM2008 geoid),360,309,0.0033730298916958574
earth,Gravity (EGM2008 geoid),360,310,0.0033287951583760877
earth,Gravity (EGM2008 geoid),360,311,0.003284169352915053
earth,Gravity (EGM2008 geoid),360,312,0.0032398791367609357
earth,Gravity (EGM2008 geoid),360,313,0.003195335429684836
earth,Gravity (EGM2008 geoid),360,314,0.003154929024529398
earth,Gravity (EGM2008 geoid),360,315,0.0031095113101690624
earth,Gravity (EGM2008 geoid),360,316,0.0030676154704778204
earth,Gravity (EGM2008 geoid),360,317,0.0030233604170378362
earth,Gravity (EGM2008 geoid),360,318,0.002970360500587761
earth,Gravity (EGM2008 geoid),360,319,0.002926096781042651
earth,Gravity (EGM2008 geoid),360,320,0.0028781754311292835
earth,Gravity (EGM2008 geoid),360,321,0.002829882206459628
earth,Gravity (EGM2008 geoid),360,322,0.002782148390046419
earth,Gravity (EGM2008 geoid),360,323,0.002736251300174668
earth,Gravity (EGM2008 geoid),360,324,0.0026907211963492655
earth,Gravity (EGM2008 geoid),360,325,0.002646277769656774
earth,Gravity (EGM2008 geoid),360,326,0.0025996094168698933
earth,Gravity (EGM2008 geoid),360,327,0.002553352368168432
earth,Gravity (EGM2008 geoid),360,328,0.002504915583367385
earth,Gravity (EGM2008 geoid),360,329,0.002459536117564961
earth,Gravity (EGM2008 geoid),360,330,0.0024156501028586
earth,Gravity (EGM2008 geoid),360,331,0.0023672322865359754
earth,Gravity (EGM2008 geoid),360,332,0.002322149662202798
earth,Gravity (EGM2008 geoid),360,333,0.0022730644339126194
earth,Gravity (EGM2008 geoid),360,334,0.0022272063492546476
earth,Gravity (EGM2008 geoid),360,335,0.0021787380325147135
earth,Gravity (EGM2008 geoid),360,336,0.0021264331724305577
earth,Gravity (EGM2008 geoid),360,337,0.0020752496052389917
earth,Gravity (EGM2008 geoid),360,338,0.002025984121437496
earth,Gravity (EGM2008 geoid),360,339,0.00197603869059489
earth,Gravity (EGM2008 geoid),360,340,0.001920325360467307
earth,Gravity (EGM2008 geoid),360,341,0.0018619975622030604
earth,Gravity (EGM2008 geoid),360,342,0.0018076618142549923
earth,Gravity (EGM2008 geoid),360,343,0.0017508449090285893
earth,Gravity (EGM2008 geoid),360,344,0.001690994672189149
earth,Gravity (EGM2008 geoid),360,345,0.0016330430253704317
earth,Gravity (EGM2008 geoid),360,346,0.0015824244222172289
earth,Gravity (EGM2008 geoid),360,347,0.001519917318785715
earth,Gravity (EGM2008 geoid),360,348,0.0014576976972396115
earth,Gravity (EGM2008 geoid),360,349,0.0013949427716603425
earth,Gravity (EGM2008 geoid),360,350,0.0013292030064054575
earth,Gravity (EGM2008 geoid),360,351,0.001261474159299901
earth,Gravity (EGM2008 geoid),360,352,0.001185885439621493
earth,Gravity (EGM2008 geoid),360,353,0.001106496146918073
earth,Gravity (EGM2008 geoid),360,354,0.001024341620168473
earth,Gravity (EGM2008 geoid),360,355,0.0009326034173502472
earth,Gravity (EGM2008 geoid),360,356,0.000842483094972924
earth,Gravity (EGM2008 geoid),360,357,0.0007317535608496445
earth,Gravity (EGM2008 geoid),360,358,0.0006055921061885515
earth,Gravity (EGM2008 geoid),360,359,0.00042909733241814393
earth,Gravity (EGM2008 geoid),360,360,0.0
moon,Lunar geoid (GRGM1200B),360,0,1.0
moon,Lunar geoid (GRGM1200B),360,1,1.0
moon,Lunar geoid (GRGM1200B),360,2,0.4760015829326444
moon,Lunar geoid (GRGM1200B),360,3,0.3706806534008445
moon,Lunar geoid (GRGM1200B),360,4,0.3270694472963078
moon,Lunar geoid (GRGM1200B),360,5,0.3095198265536826
moon,Lunar geoid (GRGM1200B),360,6,0.27223746930966014
moon,Lunar geoid (GRGM1200B),360,7,0.25548652184279963
moon,Lunar geoid (GRGM1200B),360,8,0.24310700132577637
moon,Lunar geoid (GRGM1200B),360,9,0.22713673416484556
moon,Lunar geoid (GRGM1200B),360,10,0.2110043259989188
moon,Lunar geoid (GRGM1200B),360,11,0.1966935421723125
moon,Lunar geoid (GRGM1200B),360,12,0.18461526255873148
moon,Lunar geoid (GRGM1200B),360,13,0.17512506411492376
moon,Lunar geoid (GRGM1200B),360,14,0.16782856833961834
moon,Lunar geoid (GRGM1200B),360,15,0.16119608837118743
moon,Lunar geoid (GRGM1200B),360,16,0.15750892043882828
moon,Lunar geoid (GRGM1200B),360,17,0.15147334490382333
moon,Lunar geoid (GRGM1200B),360,18,0.1460621470601136
moon,Lunar geoid (GRGM1200B),360,19,0.13950833457293768
moon,Lunar geoid (GRGM1200B),360,20,0.13617941074016884
moon,Lunar geoid (GRGM1200B),360,21,0.12935981654907272
moon,Lunar geoid (GRGM1200B),360,22,0.12609777302583053
moon,Lunar geoid (GRGM1200B),360,23,0.12244070839048883
moon,Lunar geoid (GRGM1200B),360,24,0.11857610443625911
moon,Lunar geoid (GRGM1200B),360,25,0.11410610432043454
moon,Lunar geoid (GRGM1200B),360,26,0.11116221274038521
moon,Lunar geoid (GRGM1200B),360,27,0.10703993066127716
moon,Lunar geoid (GRGM1200B),360,28,0.10335738107784524
moon,Lunar geoid (GRGM1200B),360,29,0.10090157039964541
moon,Lunar geoid (GRGM1200B),360,30,0.09888667645561797
moon,Lunar geoid (GRGM1200B),360,31,0.09604756910082829
moon,Lunar geoid (GRGM1200B),360,32,0.09389492978253075
moon,Lunar geoid (GRGM1200B),360,33,0.09105243922463395
moon,Lunar geoid (GRGM1200B),360,34,0.08914074716742633
moon,Lunar geoid (GRGM1200B),360,35,0.08663817154006997
moon,Lunar geoid (GRGM1200B),360,36,0.08423936592717642
moon,Lunar geoid (GRGM1200B),360,37,0.08167339963454254
moon,Lunar geoid (GRGM1200B),360,38,0.07993881916813601
moon,Lunar geoid (GRGM1200B),360,39,0.0778647786552339
moon,Lunar geoid (GRGM1200B),360,40,0.07630976010950002
moon,Lunar geoid (GRGM1200B),360,41,0.07485496479298372
moon,Lunar geoid (GRGM1200B),360,42,0.0733628676537601
moon,Lunar geoid (GRGM1200B),360,43,0.07152584525515439
moon,Lunar geoid (GRGM1200B),360,44,0.06990780751983816
moon,Lunar geoid (GRGM1200B),360,45,0.0686572172121736
moon,Lunar geoid (GRGM1200B),360,46,0.06706884626740627
moon,Lunar geoid (GRGM1200B),360,47,0.06586658735037557
moon,Lunar geoid (GRGM1200B),360,48,0.06471311505038715
moon,Lunar geoid (GRGM1200B),360,49,0.06347767448285398
moon,Lunar geoid (GRGM1200B),360,50,0.0623048901861418
moon,Lunar geoid (GRGM1200B),360,51,0.060897559850970694
moon,Lunar geoid (GRGM1200B),360,52,0.05980680264873769
moon,Lunar geoid (GRGM1200B),360,53,0.058750200133207545
moon,Lunar geoid (GRGM1200B),360,54,0.0575194994356115
moon,Lunar geoid (GRGM1200B),360,55,0.05625547123765101
moon,Lunar geoid (GRGM1200B),360,56,0.05510476355106238
moon,Lunar geoid (GRGM1200B),360,57,0.05413395084436701
moon,Lunar geoid (GRGM1200B),360,58,0.05306672667088977
moon,Lunar geoid (GRGM1200B),360,59,0.051867198664526055
moon,Lunar geoid (GRGM1200B),360,60,0.05096530176477449
moon,Lunar geoid (GRGM1200B),360,61,0.04993968317777446
moon,Lunar geoid (GRGM1200B),360,62,0.04917588877094836
moon,Lunar geoid (GRGM1200B),360,63,0.048493971936273736
moon,Lunar geoid (GRGM1200B),360,64,0.04765375225913372
moon,Lunar geoid (GRGM1200B),360,65,0.04681739841152395
moon,Lunar geoid (GRGM1200B),360,66,0.04604208946591207
moon,Lunar geoid (GRGM1200B),360,67,0.045126919468496014
moon,Lunar geoid (GRGM1200B),360,68,0.04435203922877217
moon,Lunar geoid (GRGM1200B),360,69,0.04345566063367152
moon,Lunar geoid (GRGM1200B),360,70,0.04268397138019323
moon,Lunar geoid (GRGM1200B),360,71,0.04210086478877826
moon,Lunar geoid (GRGM1200B),360,72,0.04143652664208788
moon,Lunar geoid (GRGM1200B),360,73,0.0407534065667089
moon,Lunar geoid (GRGM1200B),360,74,0.04021352594358406
moon,Lunar geoid (GRGM1200B),360,75,0.039588745908024255
moon,Lunar geoid (GRGM1200B),360,76,0.038987552705355054
moon,Lunar geoid (GRGM1200B),360,77,0.038290553956407944
moon,Lunar geoid (GRGM1200B),360,78,0.0376932543235363
moon,Lunar geoid (GRGM1200B),360,79,0.03710518308105617
moon,Lunar geoid (GRGM1200B),360,80,0.03654119919538235
moon,Lunar geoid (GRGM1200B),360,81,0.03596972550958615
moon,Lunar geoid (GRGM1200B),360,82,0.03544462461049348
moon,Lunar geoid (GRGM1200B),360,83,0.0349520808149368
moon,Lunar geoid (GRGM1200B),360,84,0.03445045678013361
moon,Lunar geoid (GRGM1200B),360,85,0.033909011536788464
moon,Lunar geoid (GRGM1200B),360,86,0.03348483431652887
moon,Lunar geoid (GRGM1200B),360,87,0.0330368367718066
moon,Lunar geoid (GRGM1200B),360,88,0.03260108221510207
moon,Lunar geoid (GRGM1200B),360,89,0.0321612061061313
moon,Lunar geoid (GRGM1200B),360,90,0.03171498978555085
moon,Lunar geoid (GRGM1200B),360,91,0.031278260132917145
moon,Lunar geoid (GRGM1200B),360,92,0.030845134085124452
moon,Lunar geoid (GRGM1200B),360,93,0.03040393600901292
moon,Lunar geoid (GRGM1200B),360,94,0.029949973138020548
moon,Lunar geoid (GRGM1200B),360,95,0.029580429325553034
moon,Lunar geoid (GRGM1200B),360,96,0.029276506944309794
moon,Lunar geoid (GRGM1200B),360,97,0.028919919707183318
moon,Lunar geoid (GRGM1200B),360,98,0.02856183541722779
moon,Lunar geoid (GRGM1200B),360,99,0.028214006678089484
moon,Lunar geoid (GRGM1200B),360,100,0.027840378738740845
moon,Lunar geoid (GRGM1200B),360,101,0.027511665166146025
moon,Lunar geoid (GRGM1200B),360,102,0.027190485021544048
moon,Lunar geoid (GRGM1200B),360,103,0.026850230939917428
moon,Lunar geoid (GRGM1200B),360,104,0.0265113338019274
moon,Lunar geoid (GRGM1200B),360,105,0.02622233766059705
moon,Lunar geoid (GRGM1200B),360,106,0.025883934057063292
moon,Lunar geoid (GRGM1200B),360,107,0.025581643329445184
moon,Lunar geoid (GRGM1200B),360,108,0.02526768382572699
moon,Lunar geoid (GRGM1200B),360,109,0.02496245974398709
moon,Lunar geoid (GRGM1200B),360,110,0.024578278857365222
moon,Lunar geoid (GRGM1200B),360,111,0.024278055454306023
moon,Lunar geoid (GRGM1200B),360,112,0.02401338648956409
moon,Lunar geoid (GRGM1200B),360,113,0.023761192062182253
moon,Lunar geoid (GRGM1200B),360,114,0.023498567540305795
moon,Lunar geoid (GRGM1200B),360,115,0.023233852377392363
moon,Lunar geoid (GRGM1200B),360,116,0.022996924799544894
moon,Lunar geoid (GRGM1200B),360,117,0.02271779942980911
moon,Lunar geoid (GRGM1200B),360,118,0.02250255145952692
moon,Lunar geoid (GRGM1200B),360,119,0.022264342116739
moon,Lunar geoid (GRGM1200B),360,120,0.02205978056164617
moon,Lunar geoid (GRGM1200B),360,121,0.021788080223428933
moon,Lunar geoid (GRGM1200B),360,122,0.021530399559975072
moon,Lunar geoid (GRGM1200B),360,123,0.021269039151083156
moon,Lunar geoid (GRGM1200B),360,124,0.02103080845919784
moon,Lunar geoid (GRGM1200B),360,125,0.020790195336433625
moon,Lunar geoid (GRGM1200B),360,126,0.02058269770872854
moon,Lunar geoid (GRGM1200B),360,127,0.020361017650662436
moon,Lunar geoid (GRGM1200B),360,128,0.02013776125977572
moon,Lunar geoid (GRGM1200B),360,129,0.0199197838755161
moon,Lunar geoid (GRGM1200B),360,130,0.01970690179033377
moon,Lunar geoid (GRGM1200B),360,131,0.01948947998400845
moon,Lunar geoid (GRGM1200B),360,132,0.01926483681221621
moon,Lunar geoid (GRGM1200B),360,133,0.019061347122786947
moon,Lunar geoid (GRGM1200B),360,134,0.018838716737666687
moon,Lunar geoid (GRGM1200B),360,135,0.01862906172121565
moon,Lunar geoid (GRGM1200B),360,136,0.018415993263948403
moon,Lunar geoid (GRGM1200B),360,137,0.018201214043370387
moon,Lunar geoid (GRGM1200B),360,138,0.018003214503019983
moon,Lunar geoid (GRGM1200B),360,139,0.017826424114431284
moon,Lunar geoid (GRGM1200B),360,140,0.0176533219941362
moon,Lunar geoid (GRGM1200B),360,141,0.017470607610589127
moon,Lunar geoid (GRGM1200B),360,142,0.017294913916767324
moon,Lunar geoid (GRGM1200B),360,143,0.01711952229541224
moon,Lunar geoid (GRGM1200B),360,144,0.016957346328395382
moon,Lunar geoid (GRGM1200B),360,145,0.01678951004733789
moon,Lunar geoid (GRGM1200B),360,146,0.016623108492847774
moon,Lunar geoid (GRGM1200B),360,147,0.016451941520711267
moon,Lunar geoid (GRGM1200B),360,148,0.016303216786684074
moon,Lunar geoid (GRGM1200B),360,149,0.016132057479541995
moon,Lunar geoid (GRGM1200B),360,150,0.01598174105228792
moon,Lunar geoid (GRGM1200B),360,151,0.015821831928452327
moon,Lunar geoid (GRGM1200B),360,152,0.015666101495487646
moon,Lunar geoid (GRGM1200B),360,153,0.015496344215376892
moon,Lunar geoid (GRGM1200B),360,154,0.01534016594662582
moon,Lunar geoid (GRGM1200B),360,155,0.015196781637851738
moon,Lunar geoid (GRGM1200B),360,156,0.015045990638951514
moon,Lunar geoid (GRGM1200B),360,157,0.01491440587199855
moon,Lunar geoid (GRGM1200B),360,158,0.014765419318224149
moon,Lunar geoid (GRGM1200B),360,159,0.01462066746488763
moon,Lunar geoid (GRGM1200B),360,160,0.014465539009538508
moon,Lunar geoid (GRGM1200B),360,161,0.01429599663636134
moon,Lunar geoid (GRGM1200B),360,162,0.014162371481674926
moon,Lunar geoid (GRGM1200B),360,163,0.014021239335572545
moon,Lunar geoid (GRGM1200B),360,164,0.013877132968871442
moon,Lunar geoid (GRGM1200B),360,165,0.013748644829742349
moon,Lunar geoid (GRGM1200B),360,166,0.013618548942720647
moon,Lunar geoid (GRGM1200B),360,167,0.013494494186027082
moon,Lunar geoid (GRGM1200B),360,168,0.013366286409516119
moon,Lunar geoid (GRGM1200B),360,169,0.013246897439095958
moon,Lunar geoid (GRGM1200B),360,170,0.013131807136399366
moon,Lunar geoid (GRGM1200B),360,171,0.013018023476912452
moon,Lunar geoid (GRGM1200B),360,172,0.012907019075555226
moon,Lunar geoid (GRGM1200B),360,173,0.012782189260095028
moon,Lunar geoid (GRGM1200B),360,174,0.012661575950735814
moon,Lunar geoid (GRGM1200B),360,175,0.01254419887706979
moon,Lunar geoid (GRGM1200B),360,176,0.012435734240656084
moon,Lunar geoid (GRGM1200B),360,177,0.01232170569221546
moon,Lunar geoid (GRGM1200B),360,178,0.012220501074663388
moon,Lunar geoid (GRGM1200B),360,179,0.012121850224972471
moon,Lunar geoid (GRGM1200B),360,180,0.012022271474354805
moon,Lunar geoid (GRGM1200B),360,181,0.011925646867041386
moon,Lunar geoid (GRGM1200B),360,182,0.011823389756057671
moon,Lunar geoid (GRGM1200B),360,183,0.01172535972370354
moon,Lunar geoid (GRGM1200B),360,184,0.011639614622175389
moon,Lunar geoid (GRGM1200B),360,185,0.011540381526537543
moon,Lunar geoid (GRGM1200B),360,186,0.011435166207119525
moon,Lunar geoid (GRGM1200B),360,187,0.011336154436355037
moon,Lunar geoid (GRGM1200B),360,188,0.011246789782035216
moon,Lunar geoid (GRGM1200B),360,189,0.011156203227475727
moon,Lunar geoid (GRGM1200B),360,190,0.011055697958115444
moon,Lunar geoid (GRGM1200B),360,191,0.01096477300095711
moon,Lunar geoid (GRGM1200B),360,192,0.010882400875958138
moon,Lunar geoid (GRGM1200B),360,193,0.010791806813858485
moon,Lunar geoid (GRGM1200B),360,194,0.01069982013128135
moon,Lunar geoid (GRGM1200B),360,195,0.010607409419406393
moon,Lunar geoid (GRGM1200B),360,196,0.010518681083367926
moon,Lunar geoid (GRGM1200B),360,197,0.010422906632803012
moon,Lunar geoid (GRGM1200B),360,198,0.01033657784727819
moon,Lunar geoid (GRGM1200B),360,199,0.010243858199502947
moon,Lunar geoid (GRGM1200B),360,200,0.010155498558709241
moon,Lunar geoid (GRGM1200B),360,201,0.01006597117699363
moon,Lunar geoid (GRGM1200B),360,202,0.009985231992765336
moon,Lunar geoid (GRGM1200B),360,203,0.009901775577435835
moon,Lunar geoid (GRGM1200B),360,204,0.009813421387118541
moon,Lunar geoid (GRGM1200B),360,205,0.009725334612404586
moon,Lunar geoid (GRGM1200B),360,206,0.009648490770187647
moon,Lunar geoid (GRGM1200B),360,207,0.00957666452554038
moon,Lunar geoid (GRGM1200B),360,208,0.00950654328588199
moon,Lunar geoid (GRGM1200B),360,209,0.009436576789268248
moon,Lunar geoid (GRGM1200B),360,210,0.009358251988609028
moon,Lunar geoid (GRGM1200B),360,211,0.009283827898618056
moon,Lunar geoid (GRGM1200B),360,212,0.009208432722212492
moon,Lunar geoid (GRGM1200B),360,213,0.009131312540510878
moon,Lunar geoid (GRGM1200B),360,214,0.009060156986711563
moon,Lunar geoid (GRGM1200B),360,215,0.008986521954305774
moon,Lunar geoid (GRGM1200B),360,216,0.00891942304971612
moon,Lunar geoid (GRGM1200B),360,217,0.008850943431790144
moon,Lunar geoid (GRGM1200B),360,218,0.008779442748190099
moon,Lunar geoid (GRGM1200B),360,219,0.008706795996927622
moon,Lunar geoid (GRGM1200B),360,220,0.008627501998906748
moon,Lunar geoid (GRGM1200B),360,221,0.008554573346835848
moon,Lunar geoid (GRGM1200B),360,222,0.008487974808243409
moon,Lunar geoid (GRGM1200B),360,223,0.008426317592857183
moon,Lunar geoid (GRGM1200B),360,224,0.008358582741844181
moon,Lunar geoid (GRGM1200B),360,225,0.008293392032890678
moon,Lunar geoid (GRGM1200B),360,226,0.008229003108532263
moon,Lunar geoid (GRGM1200B),360,227,0.008168891262165388
moon,Lunar geoid (GRGM1200B),360,228,0.008103740764959047
moon,Lunar geoid (GRGM1200B),360,229,0.008037144826371571
moon,Lunar geoid (GRGM1200B),360,230,0.007978241039909323
moon,Lunar geoid (GRGM1200B),360,231,0.007916459735721701
moon,Lunar geoid (GRGM1200B),360,232,0.007858712686368601
moon,Lunar geoid (GRGM1200B),360,233,0.007793891920456089
moon,Lunar geoid (GRGM1200B),360,234,0.007735223716310522
moon,Lunar geoid (GRGM1200B),360,235,0.007672039797485181
moon,Lunar geoid (GRGM1200B),360,236,0.007600545219851088
moon,Lunar geoid (GRGM1200B),360,237,0.007535529369383579
moon,Lunar geoid (GRGM1200B),360,238,0.007468000274822922
moon,Lunar geoid (GRGM1200B),360,239,0.007399346847953549
moon,Lunar geoid (GRGM1200B),360,240,0.00733553203847035
moon,Lunar geoid (GRGM1200B),360,241,0.00727393935586725
moon,Lunar geoid (GRGM1200B),360,242,0.00720835293238122
moon,Lunar geoid (GRGM1200B),360,243,0.007143919232443775
moon,Lunar geoid (GRGM1200B),360,244,0.007085770390133367
moon,Lunar geoid (GRGM1200B),360,245,0.007025487117754733
moon,Lunar geoid (GRGM1200B),360,246,0.006965398079992004
moon,Lunar geoid (GRGM1200B),360,247,0.00690905074484549
moon,Lunar geoid (GRGM1200B),360,248,0.006846010192995726
moon,Lunar geoid (GRGM1200B),360,249,0.006790507231799336
moon,Lunar geoid (GRGM1200B),360,250,0.006733406249399357
moon,Lunar geoid (GRGM1200B),360,251,0.006671782517922001
moon,Lunar geoid (GRGM1200B),360,252,0.0066169184920782526
moon,Lunar geoid (GRGM1200B),360,253,0.0065615776593757
moon,Lunar geoid (GRGM1200B),360,254,0.00649980405895167
moon,Lunar geoid (GRGM1200B),360,255,0.006449501304733126
moon,Lunar geoid (GRGM1200B),360,256,0.006393739100292004
moon,Lunar geoid (GRGM1200B),360,257,0.006335249406339722
moon,Lunar geoid (GRGM1200B),360,258,0.006276978530037177
moon,Lunar geoid (GRGM1200B),360,259,0.00622455046032434
moon,Lunar geoid (GRGM1200B),360,260,0.006172987115192071
moon,Lunar geoid (GRGM1200B),360,261,0.006120772920843167
moon,Lunar geoid (GRGM1200B),360,262,0.006066155085927731
moon,Lunar geoid (GRGM1200B),360,263,0.006013260864339097
moon,Lunar geoid (GRGM1200B),360,264,0.005960291068333867
moon,Lunar geoid (GRGM1200B),360,265,0.005908760054312593
moon,Lunar geoid (GRGM1200B),360,266,0.005860724323168004
moon,Lunar geoid (GRGM1200B),360,267,0.005812089637800162
moon,Lunar geoid (GRGM1200B),360,268,0.0057584409859885504
moon,Lunar geoid (GRGM1200B),360,269,0.0057049683434033565
moon,Lunar geoid (GRGM1200B),360,270,0.005651331273214182
moon,Lunar geoid (GRGM1200B),360,271,0.005599791265141579
moon,Lunar geoid (GRGM1200B),360,272,0.005547568880811253
moon,Lunar geoid (GRGM1200B),360,273,0.005500217813051542
moon,Lunar geoid (GRGM1200B),360,274,0.005451525346079968
moon,Lunar geoid (GRGM1200B),360,275,0.005399698080829212
moon,Lunar geoid (GRGM1200B),360,276,0.0053498854657949855
moon,Lunar geoid (GRGM1200B),360,277,0.00530957339350911
moon,Lunar geoid (GRGM1200B),360,278,0.005265943751006202
moon,Lunar geoid (GRGM1200B),360,279,0.005212683118085135
moon,Lunar geoid (GRGM1200B),360,280,0.005166169258861115
moon,Lunar geoid (GRGM1200B),360,281,0.0051195244253089784
moon,Lunar geoid (GRGM1200B),360,282,0.005072758571079164
moon,Lunar geoid (GRGM1200B),360,283,0.005021549437514861
moon,Lunar geoid (GRGM1200B),360,284,0.004970996704592694
moon,Lunar geoid (GRGM1200B),360,285,0.004918821528459535
moon,Lunar geoid (GRGM1200B),360,286,0.004870919151825522
moon,Lunar geoid (GRGM1200B),360,287,0.004826299993365663
moon,Lunar geoid (GRGM1200B),360,288,0.004779195530452215
moon,Lunar geoid (GRGM1200B),360,289,0.004736460011271035
moon,Lunar geoid (GRGM1200B),360,290,0.004692213982149292
moon,Lunar geoid (GRGM1200B),360,291,0.004645170175360854
moon,Lunar geoid (GRGM1200B),360,292,0.004593930934085151
moon,Lunar geoid (GRGM1200B),360,293,0.004542775464016599
moon,Lunar geoid (GRGM1200B),360,294,0.0044946101709284845
moon,Lunar geoid (GRGM1200B),360,295,0.004449016741301343
moon,Lunar geoid (GRGM1200B),360,296,0.004401709955279511
moon,Lunar geoid (GRGM1200B),360,297,0.004357990980921726
moon,Lunar geoid (GRGM1200B),360,298,0.004314080703266341
moon,Lunar geoid (GRGM1200B),360,299,0.004263787766686113
moon,Lunar geoid (GRGM1200B),360,300,0.004219312533477258
moon,Lunar geoid (GRGM1200B),360,301,0.004172221659932496
moon,Lunar geoid (GRGM1200B),360,302,0.004117634983930446
moon,Lunar geoid (GRGM1200B),360,303,0.004066074500505977
moon,Lunar geoid (GRGM1200B),360,304,0.004019307492240204
moon,Lunar geoid (GRGM1200B),360,305,0.003975152724067472
moon,Lunar geoid (GRGM1200B),360,306,0.003928685983561141
moon,Lunar geoid (GRGM1200B),360,307,0.003882479938476967
moon,Lunar geoid (GRGM1200B),360,308,0.0038384299423241523
moon,Lunar geoid (GRGM1200B),360,309,0.0037856103692206346
moon,Lunar geoid (GRGM1200B),360,310,0.003735404777423424
moon,Lunar geoid (GRGM1200B),360,311,0.0036876311612077345
moon,Lunar geoid (GRGM1200B),360,312,0.003643008676302614
moon,Lunar geoid (GRGM1200B),360,313,0.0035977699135247027
moon,Lunar geoid (GRGM1200B),360,314,0.0035557162878940493
moon,Lunar geoid (GRGM1200B),360,315,0.0035109002308371736
moon,Lunar geoid (GRGM1200B),360,316,0.003468385539810632
moon,Lunar geoid (GRGM1200B),360,317,0.003419196794729552
moon,Lunar geoid (GRGM1200B),360,318,0.0033718205449729186
moon,Lunar geoid (GRGM1200B),360,319,0.003323576140385233
moon,Lunar geoid (GRGM1200B),360,320,0.0032740303683988898
moon,Lunar geoid (GRGM1200B),360,321,0.003224444207667817
moon,Lunar geoid (GRGM1200B),360,322,0.0031709506167559116
moon,Lunar geoid (GRGM1200B),360,323,0.0031215433275242174
moon,Lunar geoid (GRGM1200B),360,324,0.0030711857207182227
moon,Lunar geoid (GRGM1200B),360,325,0.0030228797172117128
moon,Lunar geoid (GRGM1200B),360,326,0.002970519792155394
moon,Lunar geoid (GRGM1200B),360,327,0.002919144242595379
moon,Lunar geoid (GRGM1200B),360,328,0.0028681405769399935
moon,Lunar geoid (GRGM1200B),360,329,0.002817096875466802
moon,Lunar geoid (GRGM1200B),360,330,0.0027655006113540483
moon,Lunar geoid (GRGM1200B),360,331,0.0027118375643241147
moon,Lunar geoid (GRGM1200B),360,332,0.0026566268713830643
moon,Lunar geoid (GRGM1200B),360,333,0.0026023270143036795
moon,Lunar geoid (GRGM1200B),360,334,0.002544286165716294
moon,Lunar geoid (GRGM1200B),360,335,0.0024846565594253004
moon,Lunar geoid (GRGM1200B),360,336,0.0024262961314237036
moon,Lunar geoid (GRGM1200B),360,337,0.0023686432844858014
moon,Lunar geoid (GRGM1200B),360,338,0.002310719479422139
moon,Lunar geoid (GRGM1200B),360,339,0.002249714091443678
moon,Lunar geoid (GRGM1200B),360,340,0.002189793854199933
moon,Lunar geoid (GRGM1200B),360,341,0.002130425685373439
moon,Lunar geoid (GRGM1200B),360,342,0.0020673411773155627
moon,Lunar geoid (GRGM1200B),360,343,0.0020063176453934146
moon,Lunar geoid (GRGM1200B),360,344,0.0019408345082410057
moon,Lunar geoid (GRGM1200B),360,345,0.0018788290031396266
moon,Lunar geoid (GRGM1200B),360,346,0.0018131509893033998
moon,Lunar geoid (GRGM1200B),360,347,0.0017484479960433099
moon,Lunar geoid (GRGM1200B),360,348,0.0016693432798528033
moon,Lunar geoid (GRGM1200B),360,349,0.0015967698856552102
moon,Lunar geoid (GRGM1200B),360,350,0.0015233754280900588
moon,Lunar geoid (GRGM1200B),360,351,0.0014390335980855112
moon,Lunar geoid (GRGM1200B),360,352,0.0013475685603030918
moon,Lunar geoid (GRGM1200B),360,353,0.0012554989836422398
moon,Lunar geoid (GRGM1200B),360,354,0.0011565343099756138
moon,Lunar geoid (GRGM1200B),360,355,0.0010406850231782952
moon,Lunar geoid (GRGM1200B),360,356,0.0009180991282289044
moon,Lunar geoid (GRGM1200B),360,357,0.0007875894923917942
moon,Lunar geoid (GRGM1200B),360,358,0.000639848193977163
moon,Lunar geoid (GRGM1200B),360,359,0.0004371562530694241
moon,Lunar geoid (GRGM1200B),360,360,0.0
mars,Areoid (Mars GMM3),90,0,1.0
mars,Areoid (Mars GMM3),90,1,1.0
mars,Areoid (Mars GMM3),90,2,0.5283179325149623
mars,Areoid (Mars GMM3),90,3,0.23033557418588652
mars,Areoid (Mars GMM3),90,4,0.17043555685526032
mars,Areoid (Mars GMM3),90,5,0.14452686804039627
mars,Areoid (Mars GMM3),90,6,0.13565096343572128
mars,Areoid (Mars GMM3),90,7,0.12761784623060402
mars,Areoid (Mars GMM3),90,8,0.11909322755099044
mars,Areoid (Mars GMM3),90,9,0.11259298068180797
mars,Areoid (Mars GMM3),90,10,0.10785247554281437
mars,Areoid (Mars GMM3),90,11,0.10152520620783255
mars,Areoid (Mars GMM3),90,12,0.09475569733541146
mars,Areoid (Mars GMM3),90,13,0.09043126639789308
mars,Areoid (Mars GMM3),90,14,0.08381558958591424
mars,Areoid (Mars GMM3),90,15,0.07805065320122204
mars,Areoid (Mars GMM3),90,16,0.07434095931880504
mars,Areoid (Mars GMM3),90,17,0.0711540470952378
mars,Areoid (Mars GMM3),90,18,0.06772386169891996
mars,Areoid (Mars GMM3),90,19,0.06472669835162875
mars,Areoid (Mars GMM3),90,20,0.06268879223498183
mars,Areoid (Mars GMM3),90,21,0.06008556896189804
mars,Areoid (Mars GMM3),90,22,0.05790474364974335
mars,Areoid (Mars GMM3),90,23,0.05436433240452413
mars,Areoid (Mars GMM3),90,24,0.051286281094317286
mars,Areoid (Mars GMM3),90,25,0.047133741389157754
mars,Areoid (Mars GMM3),90,26,0.04381447444283773
mars,Areoid (Mars GMM3),90,27,0.04074677747833159
mars,Areoid (Mars GMM3),90,28,0.03742650644456153
mars,Areoid (Mars GMM3),90,29,0.03571383747724884
mars,Areoid (Mars GMM3),90,30,0.034031948469679364
mars,Areoid (Mars GMM3),90,31,0.032727926515517924
mars,Areoid (Mars GMM3),90,32,0.03160139298815858
mars,Areoid (Mars GMM3),90,33,0.030194591339391365
mars,Areoid (Mars GMM3),90,34,0.02892542585457198
mars,Areoid (Mars GMM3),90,35,0.027599916216613344
mars,Areoid (Mars GMM3),90,36,0.02617034675466716
mars,Areoid (Mars GMM3),90,37,0.024623393569979887
mars,Areoid (Mars GMM3),90,38,0.023317819748290083
mars,Areoid (Mars GMM3),90,39,0.021988590863462897
mars,Areoid (Mars GMM3),90,40,0.020869645099794915
mars,Areoid (Mars GMM3),90,41,0.019877283258786554
mars,Areoid (Mars GMM3),90,42,0.019061122612248134
mars,Areoid (Mars GMM3),90,43,0.018174758253439255
mars,Areoid (Mars GMM3),90,44,0.01745807156122443
mars,Areoid (Mars GMM3),90,45,0.01679526335856917
mars,Areoid (Mars GMM3),90,46,0.016099681578615924
mars,Areoid (Mars GMM3),90,47,0.015500086053409782
mars,Areoid (Mars GMM3),90,48,0.014922294529540144
mars,Areoid (Mars GMM3),90,49,0.014405122871671745
mars,Areoid (Mars GMM3),90,50,0.013955013202467885
mars,Areoid (Mars GMM3),90,51,0.013572884305888563
mars,Areoid (Mars GMM3),90,52,0.013122257566057484
mars,Areoid (Mars GMM3),90,53,0.01265561154811156
mars,Areoid (Mars GMM3),90,54,0.012244301191150728
mars,Areoid (Mars GMM3),90,55,0.011881942525443797
mars,Areoid (Mars GMM3),90,56,0.011445661476270094
mars,Areoid (Mars GMM3),90,57,0.010997493110322063
mars,Areoid (Mars GMM3),90,58,0.010627468993367336
mars,Areoid (Mars GMM3),90,59,0.010310239411244884
mars,Areoid (Mars GMM3),90,60,0.009944039706799884
mars,Areoid (Mars GMM3),90,61,0.009559419496873126
mars,Areoid (Mars GMM3),90,62,0.00928185807258109
mars,Areoid (Mars GMM3),90,63,0.008905817104979548
mars,Areoid (Mars GMM3),90,64,0.008614496174295525
mars,Areoid (Mars GMM3),90,65,0.008361411846368152
mars,Areoid (Mars GMM3),90,66,0.00807293553334021
mars,Areoid (Mars GMM3),90,67,0.0077684842612131535
mars,Areoid (Mars GMM3),90,68,0.007490941470297863
mars,Areoid (Mars GMM3),90,69,0.0072182707895414805
mars,Areoid (Mars GMM3),90,70,0.006954499978836786
mars,Areoid (Mars GMM3),90,71,0.006699999615945165
mars,Areoid (Mars GMM3),90,72,0.00643234221192897
mars,Areoid (Mars GMM3),90,73,0.006131109380874286
mars,Areoid (Mars GMM3),90,74,0.005844376632538232
mars,Areoid (Mars GMM3),90,75,0.005625654263076844
mars,Areoid (Mars GMM3),90,76,0.005388614692524964
mars,Areoid (Mars GMM3),90,77,0.005102165183693875
mars,Areoid (Mars GMM3),90,78,0.004850172045655769
mars,Areoid (Mars GMM3),90,79,0.004583369162834931
mars,Areoid (Mars GMM3),90,80,0.004363215040805564
mars,Areoid (Mars GMM3),90,81,0.004113574938270125
mars,Areoid (Mars GMM3),90,82,0.003885362107479319
mars,Areoid (Mars GMM3),90,83,0.003565865185497743
mars,Areoid (Mars GMM3),90,84,0.0033233972639193816
mars,Areoid (Mars GMM3),90,85,0.0029941203830943187
mars,Areoid (Mars GMM3),90,86,0.0026183007874210793
mars,Areoid (Mars GMM3),90,87,0.0021950940615733387
mars,Areoid (Mars GMM3),90,88,0.0017673992255377098
mars,Areoid (Mars GMM3),90,89,0.0011977842311155168
mars,Areoid (Mars GMM3),90,90,0.0
